Make,Nation
Chevrolet,USA
Ford,USA
Volkswagen,Germany
Toyota,Japan
Dodge,USA
Nissan,Japan
GMC,USA
Honda,Japan
Mazda,Japan
Cadillac,USA
Mercedes-Benz,Germany
Suzuki,Japan
BMW,Germany
Infiniti,Japan
Audi,Germany
Hyundai,South Korea
Volvo,Sweden
Subaru,Japan
Acura,Japan
Kia,South Korea
Mitsubishi,Japan
Lexus,Japan
Buick,USA
Chrysler,USA
Pontiac,USA
Lincoln,USA
Oldsmobile,USA
Land Rover,UK
Porsche,Germany
Saab,Sweden
Aston Martin,UK
Plymouth,UK
Bentley,Italy
Ferrari,Italy
FIAT,UK
Scion,Italy
Maserati,UK
Lamborghini,USA
Rolls-Royce,Germany
Lotus,Italy
Tesla,UK
HUMMER,USA
Maybach,Italy
Alfa Romeo,UK
McLaren,USA
Spyker,France
Genesis,France
Bugatti,France
